{
  "random_sparse_{'p': 0.01}": {
    "kappa": {
      "mean": 0.9732059506595592,
      "std": 0.08597440621189495,
      "min": 0.8264462809917356,
      "max": 1.1494252873563218,
      "values": [
        0.9523809523809523,
        1.1235955056179776,
        0.8620689655172413,
        0.9523809523809523,
        0.9900990099009901,
        1.0869565217391304,
        1.0309278350515463,
        0.9009009009009009,
        0.9803921568627451,
        0.8403361344537815,
        1.0526315789473684,
        0.9009009009009009,
        0.8264462809917356,
        0.9900990099009901,
        0.9433962264150944,
        1.0416666666666667,
        0.9433962264150944,
        0.9615384615384616,
        1.1494252873563218,
        0.9345794392523364
      ]
    },
    "diameter": {
      "mean": 12.3,
      "std": 3.1480152477394387,
      "values": [
        14.0,
        15.0,
        15.0,
        10.0,
        10.0,
        7.0,
        8.0,
        8.0,
        16.0,
        19.0,
        14.0,
        12.0,
        14.0,
        11.0,
        12.0,
        13.0,
        17.0,
        9.0,
        10.0,
        12.0
      ]
    },
    "avg_shortest_path": {
      "mean": 4.348728214922973,
      "std": 0.9998099841705932,
      "values": [
        4.362758620689656,
        4.598566308243727,
        5.345553292600136,
        3.978723404255319,
        3.762360446570973,
        3.002227171492205,
        2.477744807121662,
        2.7429906542056073,
        5.219512195121951,
        5.493060628195764,
        5.403606102635229,
        4.675090252707581,
        5.703256936067551,
        4.12200956937799,
        4.0882800608828,
        4.373540856031128,
        6.26630800268998,
        3.7140695915279878,
        3.2359882005899707,
        4.408917197452229
      ]
    }
  },
  "random_sparse_{'p': 0.05}": {
    "kappa": {
      "mean": 0.20525483289541158,
      "std": 0.00882965444240538,
      "min": 0.18832391713747645,
      "max": 0.22522522522522523,
      "values": [
        0.2070393374741201,
        0.18832391713747645,
        0.21231422505307856,
        0.21739130434782608,
        0.2066115702479339,
        0.19305019305019305,
        0.1996007984031936,
        0.21141649048625794,
        0.2053388090349076,
        0.2145922746781116,
        0.20080321285140562,
        0.20080321285140562,
        0.22522522522522523,
        0.20833333333333334,
        0.2127659574468085,
        0.2070393374741201,
        0.20040080160320642,
        0.20491803278688525,
        0.19607843137254902,
        0.19305019305019305
      ]
    },
    "diameter": {
      "mean": 6.35,
      "std": 0.47696960070847283,
      "values": [
        7.0,
        6.0,
        6.0,
        6.0,
        7.0,
        6.0,
        6.0,
        6.0,
        6.0,
        7.0,
        7.0,
        6.0,
        6.0,
        6.0,
        6.0,
        6.0,
        7.0,
        6.0,
        7.0,
        7.0
      ]
    },
    "avg_shortest_path": {
      "mean": 3.043563579671371,
      "std": 0.07024917328711532,
      "values": [
        3.0448933782267114,
        2.8851515151515152,
        3.09885371753076,
        3.1190005205622073,
        3.0853535353535353,
        2.998787878787879,
        3.0173737373737373,
        3.0902813562815625,
        3.018655947227376,
        3.1415151515151516,
        3.059891847770636,
        3.026969696969697,
        3.2064075094378124,
        3.040193754508915,
        3.04989898989899,
        3.0519334761759005,
        3.0423232323232323,
        3.0002040608101215,
        2.9574533210896847,
        2.9361289664319967
      ]
    }
  },
  "scale_free_{'m': 3}": {
    "kappa": {
      "mean": 0.3401360544217687,
      "std": 0.0,
      "min": 0.3401360544217687,
      "max": 0.3401360544217687,
      "values": [
        0.3401360544217687,
        0.3401360544217687,
        0.3401360544217687,
        0.3401360544217687,
        0.3401360544217687,
        0.3401360544217687,
        0.3401360544217687,
        0.3401360544217687,
        0.3401360544217687,
        0.3401360544217687,
        0.3401360544217687,
        0.3401360544217687,
        0.3401360544217687,
        0.3401360544217687,
        0.3401360544217687,
        0.3401360544217687,
        0.3401360544217687,
        0.3401360544217687,
        0.3401360544217687,
        0.3401360544217687
      ]
    },
    "diameter": {
      "mean": 6.45,
      "std": 1.116915395184434,
      "values": [
        8.0,
        5.0,
        6.0,
        6.0,
        8.0,
        7.0,
        7.0,
        6.0,
        6.0,
        6.0,
        7.0,
        5.0,
        6.0,
        5.0,
        5.0,
        6.0,
        9.0,
        8.0,
        6.0,
        7.0
      ]
    },
    "avg_shortest_path": {
      "mean": 2.275198347762645,
      "std": 0.11478425491419575,
      "values": [
        2.5352393617021276,
        2.1466414380321663,
        2.2185534591194966,
        2.0551917680074836,
        2.23949246629659,
        2.2164685908319184,
        2.239606953892668,
        2.2233250620347396,
        2.393939393939394,
        2.3176555716353113,
        2.264928511354079,
        2.2204176334106727,
        2.2355848434925867,
        2.296411856474259,
        2.2925018559762433,
        2.2317167051578135,
        2.481192334989354,
        2.304857621440536,
        2.1342756183745584,
        2.455965909090909
      ]
    }
  },
  "scale_free_{'m': 5}": {
    "kappa": {
      "mean": 0.2061855670103093,
      "std": 2.7755575615628914e-17,
      "min": 0.20618556701030927,
      "max": 0.20618556701030927,
      "values": [
        0.20618556701030927,
        0.20618556701030927,
        0.20618556701030927,
        0.20618556701030927,
        0.20618556701030927,
        0.20618556701030927,
        0.20618556701030927,
        0.20618556701030927,
        0.20618556701030927,
        0.20618556701030927,
        0.20618556701030927,
        0.20618556701030927,
        0.20618556701030927,
        0.20618556701030927,
        0.20618556701030927,
        0.20618556701030927,
        0.20618556701030927,
        0.20618556701030927,
        0.20618556701030927,
        0.20618556701030927
      ]
    },
    "diameter": {
      "mean": 6.2,
      "std": 0.6782329983125269,
      "values": [
        5.0,
        6.0,
        6.0,
        6.0,
        6.0,
        8.0,
        6.0,
        6.0,
        5.0,
        7.0,
        6.0,
        7.0,
        6.0,
        6.0,
        7.0,
        6.0,
        6.0,
        7.0,
        6.0,
        6.0
      ]
    },
    "avg_shortest_path": {
      "mean": 2.168322390060279,
      "std": 0.10064294139308053,
      "values": [
        2.0,
        2.125936329588015,
        2.173977328733366,
        2.1831661578717836,
        2.13585291113381,
        2.273342354533153,
        2.1273408239700373,
        2.05870236869207,
        2.1545372866127583,
        2.0943214629451394,
        2.2191588785046727,
        2.4168344744260977,
        2.139095876800795,
        2.0378748027354026,
        2.334295136026381,
        2.048024012006003,
        2.152457372116349,
        2.184484389782403,
        2.226229508196721,
        2.280816326530612
      ]
    }
  },
  "small_world_{'k': 6, 'p': 0.1}": {
    "kappa": {
      "mean": 0.33333333333333326,
      "std": 5.551115123125783e-17,
      "min": 0.3333333333333333,
      "max": 0.3333333333333333,