{
  "random_sparse_{'p': 0.01}": {
    "kappa": {
      "mean": 1.0526771553297787,
      "std": 0.12025556182357615,
      "min": 0.847457627118644,
      "max": 1.3333333333333333,
      "values": [
        1.1494252873563218,
        1.1111111111111112,
        1.098901098901099,
        0.9523809523809523,
        0.9803921568627451,
        0.9259259259259259,
        0.9615384615384616,
        1.1627906976744187,
        0.970873786407767,
        1.2658227848101267,
        1.0101010101010102,
        0.847457627118644,
        1.0204081632653061,
        0.9259259259259259,
        1.1111111111111112,
        0.9345794392523364,
        1.1494252873563218,
        1.0309278350515463,
        1.1111111111111112,
        1.3333333333333333
      ]
    },
    "diameter": {
      "mean": 10.3,
      "std": 3.1,
      "values": [
        7.0,
        9.0,
        8.0,
        12.0,
        19.0,
        14.0,
        13.0,
        9.0,
        9.0,
        7.0,
        10.0,
        15.0,
        8.0,
        10.0,
        12.0,
        12.0,
        9.0,
        8.0,
        9.0,
        6.0
      ]
    },
    "avg_shortest_path": {
      "mean": 3.638721504341182,
      "std": 1.1436356537402568,
      "values": [
        2.406113537117904,
        2.8779761904761907,
        2.659824046920821,
        4.453051643192488,
        6.519129782445612,
        4.952267303102626,
        4.121739130434783,
        2.789272030651341,
        3.809667673716012,
        2.331877729257642,
        3.9959016393442623,
        5.905972045743329,
        2.73728813559322,
        3.538200339558574,
        3.54627539503386,
        4.435634328358209,
        3.18974358974359,
        3.0334128878281623,
        3.364341085271318,
        2.106741573033708
      ]
    }
  },
  "random_sparse_{'p': 0.05}": {
    "kappa": {
      "mean": 0.19896428907435149,
      "std": 0.007899560380062233,
      "min": 0.18248175182481752,
      "max": 0.2145922746781116,
      "values": [
        0.18248175182481752,
        0.19120458891013384,
        0.19342359767891681,
        0.2053388090349076,
        0.20161290322580644,
        0.1984126984126984,
        0.20366598778004075,
        0.19607843137254902,
        0.199203187250996,
        0.20491803278688525,
        0.18726591760299627,
        0.19120458891013384,
        0.21231422505307856,
        0.2145922746781116,
        0.1984126984126984,
        0.19047619047619047,
        0.1984126984126984,
        0.20618556701030927,
        0.20408163265306123,
        0.2
      ]
    },
    "diameter": {
      "mean": 6.25,
      "std": 0.7664854858377946,
      "values": [
        5.0,
        6.0,
        6.0,
        7.0,
        6.0,
        6.0,
        6.0,
        6.0,
        6.0,
        6.0,
        6.0,
        6.0,
        6.0,
        9.0,
        7.0,
        6.0,
        6.0,
        7.0,
        6.0,
        6.0
      ]
    },
    "avg_shortest_path": {
      "mean": 3.00007417203216,
      "std": 0.07880414548167318,
      "values": [
        2.8614427099275583,
        2.918783797571676,
        2.97010101010101,
        3.0350858927641853,
        3.002679859822717,
        3.0156565656565655,
        3.020406081012142,
        2.9624242424242424,
        2.986666666666667,
        3.055151515151515,
        2.897777777777778,
        2.954242424242424,
        3.0903844171905597,
        3.2334343434343435,
        3.027070707070707,
        2.9047036016732988,
        2.994640280354566,
        3.061111111111111,
        3.0376767676767678,
        2.972043669013366
      ]
    }
  },
  "scale_free_{'m': 3}": {
    "kappa": {
      "mean": 0.3401360544217687,
      "std": 0.0,
      "min": 0.3401360544217687,
      "max": 0.3401360544217687,
      "values": [
        0.3401360544217687,
        0.3401360544217687,
        0.3401360544217687,
        0.3401360544217687,
        0.3401360544217687,
        0.3401360544217687,
        0.3401360544217687,
        0.3401360544217687,
        0.3401360544217687,
        0.3401360544217687,
        0.3401360544217687,
        0.3401360544217687,
        0.3401360544217687,
        0.3401360544217687,
        0.3401360544217687,
        0.3401360544217687,
        0.3401360544217687,
        0.3401360544217687,
        0.3401360544217687,
        0.3401360544217687
      ]
    },
    "diameter": {
      "mean": 6.35,
      "std": 0.852936105461599,
      "values": [
        8.0,
        6.0,
        7.0,
        6.0,
        7.0,
        6.0,
        6.0,
        7.0,
        5.0,
        5.0,
        6.0,
        6.0,
        6.0,
        7.0,
        7.0,
        7.0,
        5.0,
        8.0,
        6.0,
        6.0
      ]
    },
    "avg_shortest_path": {
      "mean": 2.2545048951428024,
      "std": 0.11843497048361805,
      "values": [
        2.335837716003005,
        2.1809290953545233,
        2.4063421828908553,
        2.1331114808652245,
        2.257747543461829,
        2.216030534351145,
        2.167517006802721,
        2.4527938342967244,
        2.027598896044158,
        2.066130473637176,
        2.260586319218241,
        2.3483636363636364,
        2.272277227722772,
        2.2828784119106698,
        2.2987220447284344,
        2.139458572600492,
        2.112876254180602,
        2.433383233532934,
        2.3348115299334813,
        2.3627019089574155
      ]
    }
  },
  "scale_free_{'m': 5}": {
    "kappa": {
      "mean": 0.2061855670103093,
      "std": 2.7755575615628914e-17,
      "min": 0.20618556701030927,
      "max": 0.20618556701030927,
      "values": [
        0.20618556701030927,
        0.20618556701030927,
        0.20618556701030927,
        0.20618556701030927,
        0.20618556701030927,
        0.20618556701030927,
        0.20618556701030927,
        0.20618556701030927,
        0.20618556701030927,
        0.20618556701030927,
        0.20618556701030927,
        0.20618556701030927,
        0.20618556701030927,
        0.20618556701030927,
        0.20618556701030927,
        0.20618556701030927,
        0.20618556701030927,
        0.20618556701030927,
        0.20618556701030927,
        0.20618556701030927
      ]
    },
    "diameter": {
      "mean": 6.35,
      "std": 0.6538348415311012,
      "values": [
        6.0,
        6.0,
        6.0,
        6.0,
        6.0,
        7.0,
        6.0,
        6.0,
        7.0,
        7.0,
        6.0,
        7.0,
        7.0,
        7.0,
        7.0,
        7.0,
        5.0,
        5.0,
        6.0,
        7.0
      ]
    },
    "avg_shortest_path": {
      "mean": 2.221394780813313,
      "std": 0.09391900241782847,
      "values": [
        2.1257396449704142,
        2.0711442786069654,
        2.208157524613221,
        2.24932735426009,
        2.2141552511415523,
        2.243623570800352,
        2.223616922361692,
        2.2019363762102353,
        2.243478260869565,
        2.1955922865013773,
        2.135342185903984,
        2.355982905982906,
        2.263157894736842,
        2.3286163522012577,
        2.3596080102258203,
        2.3283523397561936,
        2.038323965252938,
        2.096045197740113,
        2.367258382642998,
        2.178436911487759
      ]
    }
  },
  "small_world_{'k': 6, 'p': 0.1}": {
    "kappa": {
      "mean": 0.33333333333333326,
      "std": 5.551115123125783e-17,
      "min": 0.3333333333333333,
      "max": 0.3333333333333333,